BEGMAN_DT,ENDMAN_DT,MFGTXT,CAMPNO,ACTION_NUMBER,REPORT_DATE,COMPONENT,POTAFF,DESCR_DEFECT,CONSEQUENCE_DEFECT,CORRECTIVE_ACTION,NOTES,PRODUCT_TYPE,MODEL_YR,MAKE,MODEL
,,GENERAL MOTORS CORP.,00V228003,,2000-08-07,SEAT BELTS,,"VEHICLE DESCRIPTION:  PASSENGER VEHICLES, LIGHT DUTY TRUCKS, SPORT UTILITY VEHICLES, AND MINI VANS EQUIPPED WITH TRW SEAT BELT BUCKLE ASSEMBLIES.  THE BUCKLE BASE OF THESE SEAT BELT ASSEMBLIES WERE NOT PROPERLY HEAT TREATED AND THEREFORE DO NOT PASS THE LOAD BEARING REQUIREMENT OF FEDERAL MOTOR VEHICLE SAFETY STANDARD NO. 209, ""SEAT BELT ASSEMBLIES.""","IN THE EVENT OF A VEHICLE CRASH, THE OCCUPANT MAY NOT BE PROPERLY RESTRAINED.","DEALERS WILL INSPECT THE VEHICLE'S SAFETY BELT BUCKLE ASSEMBLY DATE CODES AND, IF NECESSARY, WILL REPLACE ANY SAFETY BELT BUCKLE ASSEMBLY.","OWNER NOTIFICATION BEGAN AUGUST 24, 2000.   OWNERS WHO TAKE THEIR VEHICLES TO AN AUTHORIZED DEALER ON AN AGREED UPON SERVICE DATE AND DO NOT RECEIVE THE FREE REMEDY WITHIN A REASONABLE TIME SHOULD CONTACT BUICK AT 1-800-521-7300; CHEVROLET AT 1-800-222-1020; GMC AT 1-800-462-8782; OLDSMOBILE AT 1-800-442-6537; PONTIAC AT 1-800-762-2737; OR SATURN AT 1-800-553-6000.     ALSO CONTACT THE NATIONAL HIGHWAY TRAFFIC SAFETY ADMINISTRATION'S AUTO SAFETY HOTLINE AT 1-888-DASH-2-DOT (1-888-327-4236).",,2000,SATURN,LS
,,GENERAL MOTORS CORP.,03V231000,,2003-06-23,"ELECTRICAL SYSTEM:IGNITION:MODULE",,"ON CERTAIN PASSENGER VEHICLES EQUIPPED WITH 2.2L L4 (L61) ENGINES, A FAILURE OF THE IGNITION CONTROL MODULE MAY CAUSE DETERIORATION IN IDLE QUALITY, REDUCTION IN OVERALL ENGINE POWER, AND THE VEHICLE MAY BE HARD TO START.  CONTINUED OPERATION OF THE VEHICLE AFTER SUCH AN IGNITION MODULE FAILURE WILL RESULT IN THE ""SERVICE ENGINE SOON"" LIGHT FLASHING, AND MAY LEAD TO SECONDARY FAILURES OF THE CATALYTIC CONVERTER, OXYGEN SENSOR, AND EXHAUST RESONATOR.    
",FAILURE OF THE RESONATOR WILL CAUSE INCREASED EXHAUST NOISE.  PROLONGED OPERATION OF THE VEHICLE FOLLOWING A RESONATOR FAILURE MAY LEAD TO A  FIRE.  ,"DEALERS WILL (1) REPLACE THE IGNITION CONTROL MODULE, (2) REPLACE THE IGNITION CONTROL MODULE AND SPARK PLUGS, OR (3) REPLACE THE IGNITION CONTROL MODULE, SPARK PLUGS, AND UPDATE THE POWERTRAIN CONTROL MODULE CALIBRATION.   OWNER NOTIFICATION BEGAN ON AUGUST 4, 2003.  OWNERS SHOULD CONTACT SATURN AT 1-800-553-6000, PROMPT 3.   ",GM RECALL NO. 03033/SATURN RECALL NO. 03-C-06.  CUSTOMERS CAN ALSO CONTACT THE NATIONAL HIGHWAY TRAFFIC SAFETY ADMINISTRATION'S AUTO SAFETY HOTLINE AT 1-888-DASH-2-DOT (1-888-327-4236).,,2000,SATURN,LS
,,GENERAL MOTORS CORP.,05V245000,PE05010,2005-06-02,"EXTERIOR LIGHTING:BRAKE LIGHTS",,"ON CERTAIN SEDANS AND WAGONS, THE PLASTIC HOUSING IN THE REAR TAIL LAMP ASSEMBLY CAN BECOME DISTORTED IF THE BRAKE LAMPS REMAIN ON FOR AN EXTENDED TIME.","THIS CAN CAUSE (1) AN INTERMITTENTLY INOPERATIVE BRAKE/TAIL LAMP BULB OR (2) A SHORT CIRCUIT THAT OPENS A FUSE CAUSING INOPERATIVE BRAKE LAMPS (INCLUDING THE CENTER HIGH-MOUNTED STOP LAMP) OR TAIL LAMPS.  A FOLLOWING DRIVER MAY NOT KNOW WHEN THE BRAKES HAVE BEEN APPLIED, AND A REAR-END CRASH COULD OCCUR WITHOUT PRIOR WARNING.","DEALERS WILL INSTALL TWO NEW TAIL LAMP REINFORCING SOCKET ADAPTERS AND SOCKETS FREE OF CHARGE.    THE RECALL BEGAN ON OCTOBER 17, 2005.  OWNERS MAY CONTACT SATURN AT 1-800-972-8876.","GM RECALL NO. 05052.  CUSTOMERS MAY ALSO CONTACT THE NATIONAL HIGHWAY TRAFFIC SAFETY ADMINISTRATION'S VEHICLE SAFETY HOTLINE AT 1-888-327-4236 (TTY 1-800-424-9153), OR GO TO HTTP://WWW.SAFERCAR.GOV.",,2000,SATURN,LS
,,GENERAL MOTORS CORP.,99V197000,,1999-07-26,"FUEL SYSTEM, GASOLINE:STORAGE:TANK ASSEMBLY",,"VEHICLE DESCRIPTION:  PASSENGER VEHICLES.  THESE VEHICLES DO NOT COMPLY WITH REQUIREMENTS OF FMVSS NO. 301, ""FUEL SYSTEM INTEGRITY.""   THESE VEHICLES MAY HAVE BEEN PRODUCED WITH AN INOPERATIVE VALVE WITHIN THE FUEL TANK ASSEMBLY.","IF A VEHICLE WITH AN INOPERATIVE VALVE WERE INVOLVED IN A ROLLOVER, FUEL SPILLAGE COULD OCCUR.",DEALERS WILL INSPECT THE VEHICLES TO ENSURE THAT THE FUEL TANK ASSEMBLY VALVE IS OPERATING AS INTENDED.  THEY WILL REPLACE THE FUEL TANK ASSEMBLY IF NECESSARY.,"OWNER NOTIFICATION BEGAN JULY 23, 1999.  OWNERS WHO TAKE THEIR VEHICLES TO AN AUTHORIZED DEALER ON AN AGREED UPON SERVICE DATE AND DO NOT RECEIVE THE FREE REMEDY WITHIN A REASONABLE TIME SHOULD CONTACT SATURN AT 1-800-553-6000, PROMPT 3.   ALSO CONTACT THE NATIONAL HIGHWAY TRAFFIC SAFETY ADMINISTRATION'S AUTO SAFETY HOTLINE AT 1-888-DASH-2-DOT (1-888-327-4236).
",,2000,SATURN,LS
,,GENERAL MOTORS CORP.,99V199000,,1999-07-26,"EXTERIOR LIGHTING:TURN SIGNAL:SWITCH",,"VEHICLE DESCRIPTION:  PASSENGER VEHICLES. THESE VEHICLES DO NOT COMPLY WITH REQUIREMENTS OF FMVSS NO. 108, ""LAMPS, REFLECTIVE DEVICES, AND ASSOCIATED EQUIPMENT.""  BECAUSE OF A PROBLEM IN THE HAZARD WARNING SWITCH ASSEMBLY, THE TURN SIGNAL LAMPS MAY NOT WORK OR MAY WORK INTERMITTENTLY WHEN THE DRIVER USES THE TURN SIGNAL LEVER OR HAZARD WARNING SWITCH.  IF THE VEHICLE TURN SIGNAL INDICATORS ARE NOT FLASHING, THEN THE TURN SIGNAL LAMPS MAY NOT BE FLASHING.",OTHER DRIVERS MAY NOT BE ALERTED THAT THE VEHICLE IS TURNING AND A CRASH COULD OCCUR.,DEALERS WILL REPLACE THE HAZARD WARNING SWITCH ASSEMBLY.,"OWNER NOTIFICATION BEGAN JULY 23, 1999.  OWNERS WHO TAKE THEIR VEHICLES TO AN AUTHORIZED DEALER ON AN AGREED UPON SERVICE DATE AND DO NOT RECEIVE THE FREE REMEDY WITHIN A REASONABLE TIME SHOULD CONTACT SATURN AT 1-800-553-6000, PROMPT 3.   ALSO CONTACT THE NATIONAL HIGHWAY TRAFFIC SAFETY ADMINISTRATION'S AUTO SAFETY HOTLINE AT 1-888-DASH-2-DOT (1-888-327-4236).
",,2000,SATURN,LS
,,GENERAL MOTORS CORP.,99V345000,PE99064,1999-12-02,"FUEL SYSTEM, GASOLINE:STORAGE",,"VEHICLE DESCRIPTION:  PASSENGER VEHICLES.   FUEL TANK ASSEMBLIES IN THESE VEHICLES HAVE AN OVER PRESSURE RELIEF (OPR) VALVE THAT CAN BECOME STUCK OPEN IN A FRONTAL COLLISION.  IF THE VEHICLE ROLLS OVER, FUEL SPILLAGE COULD OCCUR.","IF AN IGNITION SOURCE IS PRESENT, A FIRE COULD RESULT.",DEALERS WILL PERMANENTLY SEAL THE OUTLET PORT OF THE OPR VALVE.,"OWNER NOTIFICATION IS EXPECTED TO BEGIN DURING DECEMBER 1999.  OWNERS WHO TAKE THEIR VEHICLES TO AN AUTHORIZED DEALER ON AN AGREED UPON SERVICE DATE AND DO NOT RECEIVE THE FREE REMEDY WITHIN A REASONABLE TIME SHOULD CONTACT SATURN AT 1-800-553-6000, PROMPT #3.    ALSO CONTACT THE NATIONAL HIGHWAY TRAFFIC SAFETY ADMINISTRATION'S AUTO SAFETY HOTLINE AT 1-888-DASH-2-DOT (1-888-327-4236).
",,2000,SATURN,LS
