Acura,RDX,Vigor,NSX,TL,Integra,RL,TSX,RLX,RSX,ILX,TLX,MDX,RLX Sport Hybrid,SLX,MDX Sport Hybrid,CL,ZDX,Legend
Alfa Romeo,Spider,Giulia,164,4C,4C Spider
Audi,S4 (2005.5),A8,A4,A4 allroad,S7,S4,RS 3,Cabriolet,Q7,90,RS 7,S6,Quattro,A3,allroad,Q5,A7,S5,SQ5,A3 Sportback e-tron,Q8,A5,RS 5,S8,A6,R8,Q3,S3,100,TT
BMW,M3,Z3,1 Series,X3,X6 M,X4,X5,M5,Z4 M,X7,M2,2 Series,M6,Z8,4 Series,7 Series,X1,i8,Alpina B7,X2,3 Series,i3,X5 M,6 Series,X6,5 Series,M4,M,Z4,8 Series
Buick,Terraza,Lucerne,Verano,Encore,Rendezvous,Regal Sportback,Enclave,Regal,Century,Envision,Riviera,Roadmaster,Park Avenue,LaCrosse,Skylark,Rainier,LeSabre
Cadillac,XT5,DeVille,Sixty Special,Allante,XTS,Catera,CT6,CTS,CTS-V,Escalade EXT,CT6-V,XLR,STS,DTS,Fleetwood,Eldorado,SRX,Seville,ATS,Escalade ESV,Escalade
Chevrolet,Sportvan G10,Silverado 2500 Extended Cab,SSR,Colorado Crew Cab,3500 Regular Cab,Express 1500 Passenger,Express 2500 Cargo,Silverado 1500 LD Double Cab,S10 Crew Cab,Classic,Cruze,G-Series 3500,Bolt EV,Suburban,Express 3500 Cargo,Cruze Limited,TrailBlazer,Sportvan G30,Sonic,Prizm,Equinox,Venture Cargo,Silverado (Classic) 2500 HD Regular Cab,Spark,Corvette,APV Cargo,Express 2500 Passenger,Suburban 1500,Cavalier,Tahoe (New),Avalanche 1500,Silverado 1500 Double Cab,Suburban 3500HD,Silverado 3500 Crew Cab,Lumina Passenger,Metro,1500 Regular Cab,Avalanche,Monte Carlo,G-Series G20,2500 Extended Cab,Lumina,G-Series G30,Uplander Passenger,Cobalt,3500 HD Regular Cab,Silverado 2500 HD Extended Cab,Impala Limited,Silverado 1500 Crew Cab,Blazer,Silverado 2500 HD Regular Cab,Malibu,Malibu (Classic),Camaro,Silverado 2500 Regular Cab,G-Series 2500,Spark EV,G-Series G10,Silverado 1500 HD Crew Cab,Aveo,Silverado 3500 HD Double Cab,City Express,Silverado 2500 HD Double Cab,Caprice Classic,Impala,Astro Passenger,Silverado 2500 Crew Cab,Silverado 3500 HD Extended Cab,SS,Colorado Regular Cab,Sportvan G20,Express 1500 Cargo,Trax,S10 Extended Cab,Venture Passenger,Silverado 3500 HD Regular Cab,Silverado 3500 HD Crew Cab,2500 Regular Cab,2500 HD Extended Cab,Tracker,Captiva Sport,Silverado 3500 Regular Cab,Colorado Extended Cab,Avalanche 2500,Silverado 3500 Extended Cab,HHR,Express 3500 Passenger,S10 Blazer,Uplander Cargo,1500 Extended Cab,Traverse,Beretta,G-Series 1500,Astro Cargo,Silverado 2500 HD Crew Cab,Silverado 1500 Regular Cab,S10 Regular Cab,3500 Extended Cab,Silverado (Classic) 3500 Extended Cab,Lumina Cargo,Volt,3500 Crew Cab,Silverado 1500 Extended Cab,Silverado (Classic) 1500 HD Crew Cab,Lumina APV,Silverado (Classic) 1500 Crew Cab,Corsica,Silverado (Classic) 2500 HD Crew Cab,Suburban 2500,Tahoe
Chrysler,New Yorker,Sebring,Cirrus,PT Cruiser,Crossfire,300,LeBaron,300M,Fifth Ave,Voyager,Concorde,Town & Country,200,Prowler,Pacifica,Aspen,Pacifica Hybrid,LHS
Daihatsu,Rocky
Dodge,Caravan Passenger,Shadow,Caravan Cargo,Stratus,Ram Van 3500,Ram 3500 Quad Cab,Ram 3500 Club Cab,Grand Caravan Cargo,Daytona,Caliber,Ram 50 Regular Cab,Avenger,Ram 3500 Regular Cab,Ram 3500 Crew Cab,Grand Caravan Passenger,D250 Club Cab,Intrepid,Ram 2500 Regular Cab,Ram Van 1500,Ram 1500 Club Cab,Magnum,Viper,Ram 2500 Club Cab,Ram 2500 Mega Cab,Durango,Journey,Ram 1500 Mega Cab,Ram Van B250,Stealth,Spirit,Charger,Dakota Regular Cab,Ram Wagon B150,Dakota Club Cab,D150 Club Cab,Neon,Dakota Extended Cab,Ram 1500 Crew Cab,Ram Wagon B350,Nitro,Ram 2500 Quad Cab,Dart,Ram Wagon 2500,Sprinter 2500 Cargo,D350 Club Cab,Ram 1500 Quad Cab,Ram Wagon 1500,Ram Wagon 3500,Sprinter 3500 Cargo,Ram 3500 Mega Cab,Challenger,Dakota Crew Cab,Ram 1500 Regular Cab,Dakota Quad Cab,Ram Van 2500,Sprinter 2500 Passenger
Eagle,Summit,Vision,Premier,Talon
Ford,Transit 150 Wagon,Festiva,Fiesta,E250 Super Duty Cargo,Five Hundred,Ranger SuperCrew,Explorer Sport,Expedition MAX,Econoline E150 Passenger,E150 Super Duty Passenger,F150 SuperCrew Cab,Mustang,Transit 350 Wagon,Transit 350 HD Van,Transit 350 Van,C-MAX Hybrid,F150 (Heritage) Regular Cab,Econoline E350 Super Duty Passenger,EcoSport,F350 Super Duty Regular Cab,F250 Crew Cab,Econoline E150 Cargo,E150 Passenger,GT,Thunderbird,E250 Cargo,Windstar Passenger,Windstar Cargo,Econoline E350 Super Duty Cargo,Taurus X,Aerostar Passenger,Explorer Sport Trac,Expedition EL,E150 Cargo,Transit Connect Cargo,Escort,Ranger Regular Cab,E350 Super Duty Cargo,F250 Super Cab,E350 Super Duty Passenger,Tempo,Ranger SuperCab,Contour,Freestyle,F250 Super Duty Super Cab,Crown Victoria,Fusion,F150 Super Cab,Explorer,Transit 250 Van,Bronco,Transit 150 Van,Freestar Passenger,F450 Super Duty Crew Cab,Fusion Energi,Ranger Super Cab,Aerostar Cargo,Edge,ZX2,Escape,Focus,Econoline E350 Cargo,F150 Regular Cab,F250 Super Duty Crew Cab,Aspire,Econoline E250 Cargo,Club Wagon,Taurus,Focus ST,F250 Regular Cab,Transit Connect Passenger,F350 Super Duty Super Cab,Probe,E150 Super Duty Cargo,Expedition,F350 Regular Cab,Freestar Cargo,Excursion,C-MAX Energi,Flex,F250 Super Duty Regular Cab,F350 Super Duty Crew Cab
Geo,Metro,Storm,Prizm,Tracker
GMC,Sierra 2500 Regular Cab,Sonoma Extended Cab,Vandura 3500,Acadia,Sierra 3500 HD Extended Cab,1500 Club Coupe,Safari Passenger,Suburban 1500,3500 Regular Cab,Yukon XL 2500,2500 HD Club Coupe,Vandura G3500,Savana 1500 Passenger,Sierra (Classic) 3500 Extended Cab,Sierra 1500 Crew Cab,Sierra (Classic) 1500 Crew Cab,Sierra 3500 Crew Cab,Sierra (Classic) 1500 HD Crew Cab,Sierra 2500 HD Double Cab,Yukon XL 1500,Acadia Limited,Vandura 1500,Rally Wagon 3500,Yukon XL,Sierra 2500 Extended Cab,Safari Cargo,Sierra 2500 HD Regular Cab,Sierra (Classic) 2500 HD Regular Cab,Sonoma Club Coupe Cab,Sierra 3500 Regular Cab,Canyon Regular Cab,2500 Club Coupe,Savana 2500 Cargo,Sierra 1500 HD Crew Cab,Rally Wagon 1500,Sierra (Classic) 2500 Crew Cab,Jimmy,Sierra 2500 Crew Cab,Canyon Crew Cab,Savana 1500 Cargo,Sierra 3500 HD Regular Cab,1500 Regular Cab,Sierra 1500 Regular Cab,Sierra 3500 HD Crew Cab,Sonoma Regular Cab,Sierra 1500 Extended Cab,Yukon,Envoy XUV,Vandura G2500,Sierra 2500 HD Crew Cab,Vandura 2500,Savana 3500 Cargo,2500 Regular Cab,Rally Wagon 2500,3500 Crew Cab,Sierra 3500 HD Double Cab,2500 HD Extended Cab,Sierra 1500 Double Cab,Savana 3500 Passenger,Rally Wagon G3500,Terrain,Sierra (Classic) 2500 HD Crew Cab,Envoy XL,Envoy,Savana 2500 Passenger,Sierra 3500 Extended Cab,Sierra 1500 Limited Double Cab,Canyon Extended Cab,Suburban 2500,Sierra 2500 HD Extended Cab,3500 Club Coupe
Honda,Pilot,Clarity Electric,Ridgeline,Insight,Clarity Plug-in Hybrid,CR-Z,Odyssey,Passport,HR-V,Accord Crosstour,del Sol,Prelude,Civic Type R,S2000,Crosstour,Accord,Element,Accord Hybrid,CR-V,Fit,Civic
Hyundai,Ioniq Plug-in Hybrid,Sonata,Veracruz,Elantra,Elantra GT,Sonata Hybrid,Azera,Tiburon,Scoupe,Tucson Fuel Cell,Ioniq Hybrid,Kona,Genesis,Tucson,Kona Electric,Accent,Santa Fe Sport,Veloster,Sonata Plug-in Hybrid,Entourage,Ioniq Electric,Equus,Santa Fe,Genesis Coupe,XG350
INFINITI,I,J,EX,QX70,Q40,FX,Q,Q50,Q60,QX,QX50,M,QX30,G,QX80,Q70,QX60
Isuzu,Stylus,Ascender,Rodeo,Trooper,Hombre Regular Cab,Amigo,Impulse,Hombre Spacecab,VehiCROSS,i-280 Extended Cab,Rodeo Sport,Oasis,Axiom,Spacecab,i-370 Crew Cab,Regular Cab
Jaguar,E-PACE,F-PACE,S-Type,XK,X-Type,XE,XJ,F-TYPE,I-PACE,XF
Jeep,Wrangler,Cherokee,Commander,Wrangler Unlimited,Compass,Liberty,Comanche Regular Cab,Renegade,Patriot,Grand Cherokee
Land Rover,Discovery Sport,Range Rover Evoque,Discovery,Freelander,LR2,Range Rover Sport,LR4,Discovery Series II,Defender 90,LR3,Range Rover,Range Rover Velar
Lexus,ES,LX,RX,CT,HS,SC,IS F,GS,IS,RC,GX,NX,LS
Lincoln,Mark LT,MKX,Continental,Aviator,Town Car,Corsair,MKZ,MKC,MKS,Blackwood,LS,Navigator L,Navigator,Mark VIII,MKT
MAZDA,CX-3,MAZDA3,B-Series Regular Cab,CX-5,Protege,CX-9,929,Protege5,MAZDA5,B-Series Cab Plus,CX-7,MAZDA6,MX-3,RX-8,MX-5 Miata RF,626,MX-6,MX-5 Miata,RX-7,Navajo,MPV,Tribute,Millenia,B-Series Extended Cab,323
Mercedes-Benz,G-Class,B-Class,CLA,GLA-Class,GLC,600 SEC,GL-Class,CL-Class,R-Class,SLC,CLS-Class,Mercedes-AMG GT,SLR McLaren,CLK-Class,Mercedes-AMG GLA,300 SL,Mercedes-AMG SLC,GLE Coupe,Mercedes-AMG G-Class,E-Class,Sprinter WORKER Cargo,500 SL,Mercedes-AMG CLA,300 SD,190 E,Metris Passenger,GLS,M-Class,Mercedes-AMG CLS,Mercedes-AMG GLC Coupe,Mercedes-AMG C-Class,GLA,SL,500 SEL,CLS,Mercedes-AMG S-Class,Metris WORKER Cargo,GLK-Class,C-Class,Sprinter 3500 XD Cargo,400 E,SLK-Class,CLA-Class,500 E,S-Class,SL-Class,GLE,Mercedes-AMG SL,Metris Cargo,Metris WORKER Passenger,Sprinter 2500 Cargo,SLS-Class,Mercedes-Maybach S 600,Mercedes-AMG GLC,600 SL,GLC Coupe,Mercedes-AMG GLS,300 D,Sprinter 3500 Cargo,Mercedes-AMG E-Class,Mercedes-AMG GLE Coupe,Sprinter 2500 Crew,Mercedes-AMG GLE,Mercedes-Maybach S-Class,Sprinter 2500 Passenger
Mercury,Mystique,Capri,Tracer,Marauder,Mountaineer,Monterey,Villager,Grand Marquis,Cougar,Sable,Mariner,Topaz,Milan
Mitsubishi,Expo,Outlander PHEV,Montero Sport,Raider Double Cab,Mirage,i-MiEV,Galant,Eclipse,Montero,Outlander Sport,Lancer Evolution,Diamante,Mirage G4,Lancer,Raider Extended Cab,Mighty Max Regular Cab,Outlander,Endeavor,Eclipse Cross,3000GT
Nissan,Altima,Murano,NV3500 HD Cargo,Sentra,NV200,cube,Pathfinder Armada,King Cab,Maxima,LEAF,Rogue Select,Versa Note,370Z,Titan King Cab,350Z,NV2500 HD Cargo,Xterra,Rogue Sport,Frontier Crew Cab,Stanza,NV3500 HD Passenger,Kicks,TITAN XD King Cab,Armada,Pathfinder,Regular Cab,Versa,Rogue,Frontier Regular Cab,Quest,300ZX,GT-R,JUKE,TITAN XD Crew Cab,NV1500 Cargo,200SX,Titan Crew Cab,NX,TITAN Single Cab,TITAN XD Single Cab,240SX,Frontier King Cab
Oldsmobile,Aurora,Regency,Bravada,Achieva,Cutlass Supreme,Alero,Silhouette,Cutlass Cruiser,Cutlass Ciera,Intrigue,88,98,LSS,Cutlass
Plymouth,Colt Vista,Acclaim,Colt,Breeze,Neon,Voyager,Sundance,Grand Voyager,Laser
Pontiac,Grand Am,Montana,Sunbird,Bonneville,Vibe,GTO,Sunfire,Solstice,G5,G3,Montana SV6,G6,Trans Sport,G6 (2009.5),Firebird,Torrent,Aztek,Grand Prix
Porsche,Cayman,Cayenne,718 Cayman,Panamera,968,718 Boxster,911,Macan,Boxster
Saab,9000,9-7X,9-3,9-5,9-2X,900
Saturn,L-Series,Astra,VUE,S-Series,Relay,Outlook,Ion,SKY,Aura
Subaru,BRZ,XV Crosstrek,Impreza,WRX,Forester,Tribeca,B9 Tribeca,Ascent,Legacy,SVX,Baja,Outback
Suzuki,Grand Vitara,Equator Crew Cab,Samurai,XL7,Reno,Sidekick,Verona,Aerio,Kizashi,X-90,Equator Extended Cab,SX4,XL-7,Vitara,Swift,Forenza,Esteem
Toyota,Tacoma Xtracab,Celica,T100 Xtracab,Tundra Double Cab,MR2,Paseo,Avalon Hybrid,Previa,Tundra CrewMax,Avalon,Camry,86,Cressida,T100 Regular Cab,Venza,Corolla iM,Tacoma Regular Cab,Matrix,Prius c,Tacoma Access Cab,Mirai,Highlander Hybrid,Regular Cab,Tundra Access Cab,Tacoma Double Cab,Echo,FJ Cruiser,Sienna,Supra,RAV4 Hybrid,Prius Prime,Tundra Regular Cab,Yaris,Solara,RAV4,4Runner,Tercel,Prius,Sequoia,Highlander,Xtra Cab,Corolla,Prius v,C-HR,Prius Plug-in Hybrid,Camry Hybrid,Land Cruiser,Corolla Hatchback,GR Supra
Volkswagen,Atlas,GTI,Golf III,Corrado,Routan,Beetle,Touareg,Fox,Rabbit,Golf Alltrack,Jetta III,Passat,Eurovan,Jetta SportWagen,CC,New Beetle,Golf R,Golf (New),Golf,R32,Jetta,Jetta (New),Eos,Cabrio,GLI,e-Golf,Tiguan
Volvo,V40,240,850,S40 (New),S90,XC70,S40,V70,XC60,V90,940,C30,XC40,S60,C70,S80,V50,V60,XC90
make,model
Kia,Rondo,Niro Plug-in Hybrid,Amanti,Optima,Sephia,Sorento,Stinger,Cadenza,Forte,Spectra,Niro,Forte Koup,Sportage,K900,Optima Plug-in Hybrid,Sedona,Rio,Soul EV,Soul,Optima Hybrid,Optima (2006.5),Forte5
HUMMER,H3,H1,H2
Daewoo,Nubira,Leganza,Lanos
MINI,Coupe,Convertible,Countryman,Cooper,Roadster,Hardtop 2 Door,Hardtop 4 Door,Paceman,Clubman,Hardtop
Scion,xA,FR-S,tC,iQ,xD,xB,iM
Aston Martin,Rapide S,DBS,DB9 GT,DB9,Vanquish,Rapide,Vantage,DB11
Bentley,Continental,Azure T,Arnage,Azure,Flying Spur,Mulsanne,Bentayga
Maserati,Coupe,Ghibli,Levante,Quattroporte,GranTurismo
Maybach,62,57
Panoz,Esperante
Ferrari,Portofino,599 GTO,California,599 GTB Fiorano,458 Italia,488 Spider,612 Scaglietti,812 Superfast,430 Scuderia,458 Speciale,F430,FF,F12berlinetta,488 GTB
Lamborghini,Murcielago,Aventador,Gallardo,Huracan
Lotus,Evora,Evora 400,Exige,Elise,Exige S
Rolls-Royce,Phantom,Dawn,Wraith,Ghost
smart,fortwo,fortwo electric drive
Ram,ProMaster 2500 Cargo,2500 Mega Cab,3500 Mega Cab,1500 Crew Cab,ProMaster City,1500 Regular Cab,Dakota Crew Cab,ProMaster Cargo Van,3500 Regular Cab,ProMaster Window Van,2500 Crew Cab,3500 Crew Cab,1500 Quad Cab,C/V Tradesman,1500 Classic Quad Cab,2500 Regular Cab
Fisker,Karma
McLaren,570GT,570S,650S,720S,MP4-12C
FIAT,500,500X,500e,500 Abarth,124 Spider,500L,500c Abarth,500c
Freightliner,Sprinter WORKER Cargo,Sprinter 3500 Cargo,Sprinter 3500XD Cargo,Sprinter 2500 Crew,Sprinter WORKER Passenger,Sprinter 2500 Cargo,Sprinter 2500 Passenger
SRT,Viper
Tesla,Model X,Model S
Genesis,G70,G90
